category,total_sales
Home & Kitchen,5.225150140300116E8
Sports,5.126818085300336E8
Electronics,5.1316740061999464E8
Clothing,5.117638649799961E8
Books,5.1482305433998823E8
Beauty,5.259687848999895E8
Toys,5.137356900100023E8
